{
  "bloodmagic:blood_altar_adv": {
    "x": 0.008108108,
    "y": 0.38536584
  },
  "bloodmagic:incense_altar": {
    "x": 0.008108108,
    "y": 0.38292682
  },
  "bloodmagic:demon_will_aura": {
    "x": 0.010810811,
    "y": 0.3902439
  },
  "bloodmagic:inversion_pillar": {
    "x": 0.008108108,
    "y": 0.38292682
  },
  "bloodmagic:holding": {
    "x": 0.72,
    "y": 1.0
  },
  "bloodmagic:blood_altar": {
    "x": 0.008108108,
    "y": 0.38292682
  }
}